Dataset,Noise Type,Noise Level Index,Accuracy Mean,Accuracy SE,Relabelling F1 Mean,Relabelling F1 SE,Relabelling Accuracy Mean,Relabelling Accuracy SE
0,0,0,0.850793651,0.024471955,0,0,0,0
0,0,1,0.84952381,0.019857062,0.484454466,0.034340755,0.738940131,0.030685186
0,0,2,0.824126984,0.024144178,0.645476901,0.02882169,0.712535473,0.033086008
0,0,3,0.785396825,0.024067941,0.69069713,0.029096255,0.653326565,0.032162514
0,0,4,0.714920635,0.03082011,0.707758399,0.019239235,0.586838889,0.029038095
0,0,5,0.525714286,0.03940572,0.700701802,0.02309256,0.485085591,0.039431939
0,0,6,0.299047619,0.038255809,0.649947522,0.017118773,0.295175969,0.032327283
0,0,7,0.184761905,0.029333948,0.64635961,0.016037674,0.220863662,0.02674565
0,0,8,0.137777778,0.020770509,0.668174913,0.012617828,0.169653874,0.02325596
0,0,9,0.076825397,0.014923615,0.706251271,0.010798469,0.160902256,0.019626482
0,1,0,0.982222222,0.003129464,0,0,0,0
0,1,1,0.972063492,0.00379393,0.738086709,0.019564596,0.909809607,0.015716279
0,1,2,0.940952381,0.004815755,0.887845468,0.009003396,0.936634554,0.010167233
0,1,3,0.885714286,0.008306948,0.90814344,0.006765822,0.917916374,0.008409046
0,1,4,0.756825397,0.013231571,0.908163639,0.015295607,0.873625538,0.024064027
0,1,5,0.542857143,0.023761545,0.801675323,0.032309184,0.652844131,0.054689122
0,1,6,0.304761905,0.018837937,0.63417726,0.023802649,0.299453184,0.043328421
0,1,7,0.117460317,0.012477062,0.558754007,0.011601555,0.085201657,0.018428325
0,1,8,0.027936508,0.004763772,0.591227444,0.007817579,0.047962238,0.012037233
0,1,9,0.003809524,0.001436331,0.638437735,0.006480242,0.022771214,0.004342647
0,2,0,0.953015873,0.007388353,0,0,0,0
0,2,1,0.940952381,0.006307989,0,0,0,0
0,2,2,0.946031746,0.005924147,0,0,0,0
0,2,3,0.942857143,0.007361021,0,0,0,0
0,2,4,0.906031746,0.020676106,0,0,0,0
0,2,5,0.675555556,0.046024211,0,0,0,0
0,2,6,0.319365079,0.040446576,0,0,0,0
0,2,7,0.086349206,0.016891332,0,0,0,0
0,2,8,0.033650794,0.009614261,0,0,0,0
0,2,9,0.016507937,0.004208771,0,0,0,0
1,0,0,0.850793651,0.024471955,0,0,0,0
1,0,1,0.798095238,0.024247084,0.413179217,0.039208356,0.629764401,0.03759424
1,0,2,0.699047619,0.037753525,0.502549437,0.045967836,0.585296465,0.043035059
1,0,3,0.651428571,0.038184458,0.551946905,0.039994865,0.559569538,0.036789934
1,0,4,0.471111111,0.034640417,0.441086138,0.031270486,0.41132733,0.03005549
1,0,5,0.284444444,0.024560458,0.359050792,0.026046618,0.287978261,0.02406696
1,0,6,0.248888889,0.028209346,0.380813184,0.024651867,0.27093596,0.023370782
1,0,7,0.194920635,0.022483722,0.376526227,0.024023745,0.214533505,0.022983985
1,0,8,0.20952381,0.023427372,0.419090229,0.028495896,0.254491793,0.023578329
1,0,9,0.217142857,0.024565285,0.462351808,0.023633192,0.253061224,0.023078852
1,1,0,0.982222222,0.003129464,0,0,0,0
1,1,1,0.968888889,0.004663153,0.770753187,0.017141131,0.928642392,0.012229596
1,1,2,0.908571429,0.009280426,0.860693899,0.012254385,0.907249293,0.011617325
1,1,3,0.780952381,0.015329635,0.894617665,0.01444166,0.904825881,0.014261968
1,1,4,0.572063492,0.020980091,0.773050661,0.042155101,0.748607297,0.042723211
1,1,5,0.343492063,0.019225438,0.26729949,0.043366666,0.232802106,0.042512796
1,1,6,0.168253968,0.01415125,0.218640139,0.025829949,0.151263607,0.021967647
1,1,7,0.046349206,0.006465783,0.160274724,0.019754414,0.091954787,0.014717012
1,1,8,0.019047619,0.003660321,0.248444588,0.036712899,0.128318623,0.020953545
1,1,9,0.010793651,0.002111416,0.192669632,0.040609221,0.079914071,0.019190512
1,2,0,0.953015873,0.007388353,0,0,0,0
1,2,1,0.942222222,0.005405058,0,0,0,0
1,2,2,0.947301587,0.005318819,0,0,0,0
1,2,3,0.920634921,0.011242388,0,0,0,0
1,2,4,0.763174603,0.039980728,0,0,0,0
1,2,5,0.252698413,0.043957045,0,0,0,0
1,2,6,0.139047619,0.018986519,0,0,0,0
1,2,7,0.077460317,0.014212281,0,0,0,0
1,2,8,0.100952381,0.020560521,0,0,0,0
1,2,9,0.054603175,0.016905365,0,0,0,0
2,0,0,0.850793651,0.024471955,0,0,0,0
2,0,1,0.826666667,0.023524847,0.483020473,0.039983058,0.698330812,0.037359046
2,0,2,0.734603175,0.03565745,0.544374395,0.041343602,0.608486684,0.04046637
2,0,3,0.608253968,0.036691537,0.515149942,0.039949052,0.502313119,0.033759751
2,0,4,0.351111111,0.030716451,0.387880766,0.028232766,0.328596113,0.026413981
2,0,5,0.260952381,0.020900822,0.37302756,0.025087095,0.28311495,0.019969811
2,0,6,0.22984127,0.026901284,0.354536599,0.025783364,0.241861773,0.022454537
2,0,7,0.205714286,0.025773123,0.364968572,0.029421,0.234286513,0.02385854
2,0,8,0.199365079,0.02554903,0.399624224,0.030937791,0.227250296,0.022928305
2,0,9,0.217142857,0.024565285,0.462351808,0.023633192,0.253061224,0.023078852
2,1,0,0.982222222,0.003129464,0,0,0,0
2,1,1,0.961269841,0.006399428,0.786713615,0.017789067,0.939598666,0.012333235
2,1,2,0.890793651,0.011171505,0.835091823,0.019302561,0.881359023,0.019041885
2,1,3,0.727619048,0.016658083,0.866646855,0.02542726,0.863164128,0.027127742
2,1,4,0.476825397,0.02308939,0.51484286,0.054767658,0.487254403,0.055284614
2,1,5,0.258412698,0.016948093,0.22024214,0.02875625,0.168669978,0.025042213
2,1,6,0.109206349,0.010481565,0.26854002,0.032880859,0.164302299,0.020071218
2,1,7,0.039365079,0.005767981,0.181315414,0.034020095,0.092164556,0.020040879
2,1,8,0.015873016,0.00250679,0.172988555,0.021493231,0.072429454,0.013359726
2,1,9,0.010793651,0.002111416,0.192669632,0.040609221,0.079914071,0.019190512
2,2,0,0.953015873,0.007388353,0,0,0,0
2,2,1,0.938412698,0.006574887,0,0,0,0
2,2,2,0.932063492,0.010622022,0,0,0,0
2,2,3,0.893333333,0.023822841,0,0,0,0
2,2,4,0.526984127,0.054892941,0,0,0,0
2,2,5,0.191746032,0.026073161,0,0,0,0
2,2,6,0.127619048,0.018341729,0,0,0,0
2,2,7,0.081269841,0.018036006,0,0,0,0
2,2,8,0.063492063,0.011528765,0,0,0,0
2,2,9,0.054603175,0.016905365,0,0,0,0
3,0,0,0.850793651,0.024471955,0,0,0,0
3,0,1,0.846349206,0.020276569,0.463323337,0.034959002,0.702318574,0.033477255
3,0,2,0.789206349,0.027683259,0.550417134,0.03511062,0.637632224,0.037601534
3,0,3,0.738412698,0.033560826,0.632524146,0.035993019,0.631900956,0.038003145
3,0,4,0.51047619,0.032726955,0.513304148,0.026444123,0.465394011,0.027938194
3,0,5,0.278730159,0.033981777,0.400886965,0.030597363,0.278874267,0.02878429
3,0,6,0.201904762,0.026566438,0.34863153,0.029557378,0.204066163,0.024581332
3,0,7,0.111746032,0.020258434,0.284997744,0.027152272,0.130109231,0.019354775
3,0,8,0.13968254,0.020362345,0.3731349,0.031559654,0.17634573,0.02047345
3,0,9,0.112380952,0.020693302,0.420196027,0.031688846,0.179678209,0.02536152
3,1,0,0.982222222,0.003129464,0,0,0,0
3,1,1,0.97015873,0.00498512,0.750632207,0.018208042,0.907244876,0.013145992
3,1,2,0.913650794,0.008338289,0.854762989,0.011847368,0.899963263,0.01095597
3,1,3,0.799365079,0.01495536,0.887972298,0.013981373,0.902108665,0.013987864
3,1,4,0.59047619,0.020498725,0.776057132,0.045642044,0.751559078,0.045377798
3,1,5,0.378412698,0.021759624,0.196552953,0.039909877,0.163498418,0.037562116
3,1,6,0.194920635,0.016800538,0.12729677,0.016580667,0.077662001,0.01505665
3,1,7,0.08,0.015863302,0.129351876,0.011695413,0.065231218,0.009268701
3,1,8,0.044444444,0.01307563,0.177334239,0.023405029,0.083369358,0.01592788
3,1,9,0.032380952,0.012862617,0.158059421,0.02685092,0.064725879,0.014926022
3,2,0,0.953015873,0.007388353,0,0,0,0
3,2,1,0.95047619,0.006048921,0,0,0,0
3,2,2,0.947936508,0.005829322,0,0,0,0
3,2,3,0.923174603,0.011281342,0,0,0,0
3,2,4,0.774603175,0.041799375,0,0,0,0
3,2,5,0.210793651,0.041702252,0,0,0,0
3,2,6,0.093968254,0.01829059,0,0,0,0
3,2,7,0.072380952,0.014529102,0,0,0,0
3,2,8,0.085079365,0.017956287,0,0,0,0
3,2,9,0.047619048,0.016402016,0,0,0,0
4,0,0,0.850793651,0.024471955,0,0,0,0
4,0,1,0.813968254,0.020291183,0.329620738,0.030214376,0.573469388,0.025776521
4,0,2,0.779047619,0.0271928,0.49722328,0.033837477,0.6,0.025765782
4,0,3,0.805714286,0.026752784,0.615756908,0.033044455,0.608441558,0.025551859
4,0,4,0.653968254,0.028465412,0.527264204,0.022083647,0.488619855,0.02113851
4,0,5,0.627301587,0.029995825,0.615650244,0.026485664,0.521722114,0.02652206
4,0,6,0.554285714,0.028063965,0.649154464,0.019156642,0.48961039,0.026698384
4,0,7,0.42031746,0.016382487,0.658305901,0.009927006,0.397226075,0.016770612
4,0,8,0.34031746,0.024407432,0.676992813,0.008065034,0.350363196,0.0226917
4,0,9,0.206349206,0.02380143,0.725501675,0.008823658,0.221052632,0.025015393
4,1,0,0.982222222,0.003129464,0,0,0,0
4,1,1,0.963174603,0.005461794,0.687464739,0.01996384,0.781632653,0.018273738
4,1,2,0.944761905,0.006270284,0.827090123,0.019322002,0.786206897,0.018690212
4,1,3,0.897142857,0.006117141,0.890565302,0.008252066,0.825974026,0.011746523
4,1,4,0.822222222,0.009727056,0.897699242,0.008477886,0.823728814,0.010880522
4,1,5,0.690793651,0.010560451,0.889728398,0.010752318,0.804696673,0.013874125
4,1,6,0.513015873,0.01011897,0.799266468,0.027731938,0.663636364,0.040200013
4,1,7,0.245714286,0.011412999,0.588082665,0.012773985,0.279889043,0.016116032
4,1,8,0.053333333,0.005327728,0.578448148,0.010174951,0.166101695,0.019159404
4,1,9,0.023492063,0.003521647,0.590203935,0.011640337,0.067024705,0.010776841
4,2,0,0.953015873,0.007388353,0,0,0,0
4,2,1,0.943492063,0.005338844,0,0,0,0
4,2,2,0.937777778,0.010419164,0,0,0,0
4,2,3,0.93968254,0.006542347,0,0,0,0
4,2,4,0.914920635,0.008855479,0,0,0,0
4,2,5,0.888888889,0.010970161,0,0,0,0
4,2,6,0.706666667,0.038659991,0,0,0,0
4,2,7,0.282539683,0.019720454,0,0,0,0
4,2,8,0.145396825,0.017999155,0,0,0,0
4,2,9,0.060952381,0.009569762,0,0,0,0
5,0,0,0.832063492,0.00425876,0,0,0,0
5,0,1,0.830349206,0.004389901,0.536526015,0.008084819,0.794214687,0.005791567
5,0,2,0.832380952,0.003286362,0.727041134,0.004752966,0.782388306,0.004770066
5,0,3,0.835428571,0.003548245,0.820315596,0.003114354,0.792948468,0.004400257
5,0,4,0.834095238,0.004122759,0.875096081,0.002483529,0.790736844,0.003974452
5,0,5,0.824190476,0.004998825,0.908633512,0.002329041,0.779973596,0.005682636
5,0,6,0.81815873,0.005279597,0.937457563,0.001927731,0.777502617,0.005185577
5,0,7,0.711555556,0.012841472,0.938306262,0.002530343,0.685366464,0.012801677
5,0,8,0.132634921,0.015479277,0.876835919,0.002419743,0.127863042,0.015509339
5,0,9,0.019619048,0.002900266,0.918260322,0.00085548,0.020999045,0.003483925
5,1,0,0.976380952,0.001378885,0,0,0,0
5,1,1,0.975301587,0.001476788,0.591874113,0.006043448,0.83329211,0.005526077
5,1,2,0.970031746,0.001578913,0.7720038,0.004506727,0.825097472,0.003941805
5,1,3,0.958539683,0.002093257,0.855268001,0.003114917,0.835192045,0.003976978
5,1,4,0.931619048,0.002425931,0.901477195,0.002072699,0.835455592,0.002436282
5,1,5,0.875619048,0.003913671,0.935429207,0.001535945,0.840447725,0.003000196
5,1,6,0.738984127,0.00430051,0.952899453,0.001209254,0.81963084,0.004687671
5,1,7,0.474412698,0.006327095,0.933625445,0.002960191,0.677588012,0.01423754
5,1,8,0.12831746,0.004579047,0.849055755,0.002810968,0.12988571,0.012723706
5,1,9,0.001333333,0.000366679,0.884845796,0.001569112,0.010732845,0.001114248
5,2,0,0.867619048,0.002960873,0,0,0,0
5,2,1,0.87415873,0.003263299,0,0,0,0
5,2,2,0.875492063,0.003351628,0,0,0,0
5,2,3,0.882095238,0.003067783,0,0,0,0
5,2,4,0.880380952,0.003164391,0,0,0,0
5,2,5,0.878222222,0.003399957,0,0,0,0
5,2,6,0.855428571,0.004594067,0,0,0,0
5,2,7,0.696126984,0.013169659,0,0,0,0
5,2,8,0.142412698,0.01315485,0,0,0,0
5,2,9,0.008634921,0.001331999,0,0,0,0
6,0,0,0.832063492,0.00425876,0,0,0,0
6,0,1,0.829968254,0.004412934,0.536616636,0.006556078,0.784907122,0.0080056
6,0,2,0.82368254,0.004252574,0.716900343,0.006889984,0.777434863,0.00648698
6,0,3,0.78952381,0.008881216,0.779316672,0.00939855,0.755778655,0.009076481
6,0,4,0.545396825,0.026575363,0.642425676,0.023044857,0.512322056,0.027506472
6,0,5,0.184761905,0.016093188,0.408374549,0.014582219,0.172279358,0.015329947
6,0,6,0.081714286,0.008641797,0.389469984,0.012464985,0.085124704,0.008529471
6,0,7,0.04247619,0.005345436,0.41490999,0.012178631,0.047134526,0.005818871
6,0,8,0.048380952,0.006786404,0.46520233,0.011981083,0.056629981,0.007648926
6,0,9,0.042730159,0.005482875,0.501534868,0.012349323,0.045964577,0.005702196
6,1,0,0.976380952,0.001378885,0,0,0,0
6,1,1,0.971492063,0.001531184,0.597531838,0.006842901,0.828329899,0.007375393
6,1,2,0.93752381,0.002018221,0.762104265,0.006023779,0.822090576,0.004805983
6,1,3,0.833269841,0.003968426,0.810573542,0.009256108,0.792763199,0.008806324
6,1,4,0.599619048,0.00711851,0.644070451,0.023898155,0.558317601,0.025226546
6,1,5,0.309269841,0.007038192,0.370317255,0.014000543,0.209962785,0.013056871
6,1,6,0.104126984,0.004215527,0.307015674,0.011374568,0.108556746,0.009266695
6,1,7,0.028190476,0.001855382,0.317897691,0.008455675,0.073755251,0.0071733
6,1,8,0.006539683,0.000809441,0.330458696,0.008267208,0.041308953,0.005025224
6,1,9,0.00247619,0.000497083,0.353483933,0.009943736,0.03300456,0.004448448
6,2,0,0.867619048,0.002960873,0,0,0,0
6,2,1,0.86831746,0.002890028,0,0,0,0
6,2,2,0.866793651,0.003447401,0,0,0,0
6,2,3,0.830857143,0.007486348,0,0,0,0
6,2,4,0.602666667,0.02347519,0,0,0,0
6,2,5,0.232253968,0.014225481,0,0,0,0
6,2,6,0.101587302,0.009274803,0,0,0,0
6,2,7,0.063047619,0.007010188,0,0,0,0
6,2,8,0.035238095,0.00429549,0,0,0,0
6,2,9,0.02952381,0.004415942,0,0,0,0
7,0,0,0.832063492,0.00425876,0,0,0,0
7,0,1,0.828190476,0.004193446,0.531652004,0.006273019,0.780207668,0.007882141
7,0,2,0.820761905,0.004525812,0.715338491,0.006362036,0.774960095,0.006478595
7,0,3,0.798412698,0.008216679,0.787672132,0.008624834,0.755112884,0.00963872
7,0,4,0.557269841,0.02501384,0.644501525,0.021987372,0.516211504,0.026149332
7,0,5,0.168253968,0.014637316,0.399841637,0.014571501,0.162101117,0.01473808
7,0,6,0.08615873,0.00918692,0.39005223,0.011239551,0.089433014,0.009345539
7,0,7,0.052190476,0.006977724,0.423083756,0.012120507,0.053976294,0.007166205
7,0,8,0.045015873,0.005905746,0.455385392,0.011681389,0.048863468,0.006668898
7,0,9,0.042730159,0.005482875,0.501534868,0.012349323,0.045964577,0.005702196
7,1,0,0.976380952,0.001378885,0,0,0,0
7,1,1,0.971047619,0.001520304,0.597757912,0.006389904,0.828884376,0.007044023
7,1,2,0.93815873,0.002050277,0.767778804,0.004990212,0.824238231,0.004707674
7,1,3,0.832952381,0.004220783,0.818613751,0.008013996,0.796359329,0.007386192
7,1,4,0.597396825,0.007084032,0.66072325,0.023103375,0.573052161,0.025577107
7,1,5,0.303936508,0.007121191,0.344199087,0.014123438,0.185593591,0.012358536
7,1,6,0.102412698,0.004306324,0.298745196,0.008582422,0.098785274,0.007271304
7,1,7,0.027047619,0.001818592,0.316897926,0.010086418,0.074749575,0.007154895
7,1,8,0.006666667,0.000756752,0.331626212,0.008636286,0.042144792,0.005104461
7,1,9,0.00247619,0.000497083,0.353483933,0.009943736,0.03300456,0.004448448
7,2,0,0.867619048,0.002960873,0,0,0,0
7,2,1,0.870666667,0.003242523,0,0,0,0
7,2,2,0.868380952,0.00376957,0,0,0,0
7,2,3,0.833460317,0.007956174,0,0,0,0
7,2,4,0.614539683,0.023604681,0,0,0,0
7,2,5,0.21352381,0.01287651,0,0,0,0
7,2,6,0.094412698,0.006912595,0,0,0,0
7,2,7,0.064253968,0.006368281,0,0,0,0
7,2,8,0.035111111,0.004460103,0,0,0,0
7,2,9,0.02952381,0.004415942,0,0,0,0
8,0,0,0.832063492,0.00425876,0,0,0,0
8,0,1,0.834222222,0.003590399,0.547567539,0.006517466,0.792857287,0.00701836
8,0,2,0.831365079,0.004269937,0.724004239,0.005353209,0.786544824,0.006172436
8,0,3,0.827809524,0.00375223,0.814623317,0.003813937,0.789612797,0.005301531
8,0,4,0.627809524,0.016678271,0.704189328,0.016133878,0.578183322,0.01820228
8,0,5,0.138793651,0.014881025,0.351450815,0.016532925,0.1254828,0.014286281
8,0,6,0.025460317,0.00249717,0.257526012,0.006608576,0.028848875,0.002516787
8,0,7,0.018095238,0.001764523,0.284008807,0.007298955,0.023176907,0.002342628
8,0,8,0.019809524,0.002493892,0.322623166,0.007737727,0.024742107,0.002713408
8,0,9,0.017142857,0.001602911,0.355264619,0.008795742,0.02163538,0.001946925
8,1,0,0.976380952,0.001378885,0,0,0,0
8,1,1,0.972507937,0.001449315,0.59829043,0.005583125,0.828456423,0.006668714
8,1,2,0.945015873,0.001958895,0.772929316,0.003437718,0.836242706,0.004126685
8,1,3,0.851492063,0.004333332,0.840840286,0.003907494,0.819264236,0.00531401
8,1,4,0.639301587,0.006790491,0.772396365,0.016424031,0.689566587,0.018272544
8,1,5,0.340253968,0.006609636,0.284320773,0.011996508,0.131682496,0.010535009
8,1,6,0.123746032,0.003589903,0.196865979,0.005645963,0.024009853,0.003058094
8,1,7,0.031619048,0.001499969,0.218790785,0.006041503,0.019672797,0.00313177
8,1,8,0.006349206,0.000773795,0.255988496,0.005074418,0.017660524,0.001777968
8,1,9,0.00247619,0.000415205,0.281398514,0.005843245,0.014211475,0.001476693
8,2,0,0.867619048,0.002960873,0,0,0,0
8,2,1,0.873269841,0.003398352,0,0,0,0
8,2,2,0.875936508,0.002747432,0,0,0,0
8,2,3,0.863936508,0.004859333,0,0,0,0
8,2,4,0.732190476,0.017703245,0,0,0,0
8,2,5,0.163238095,0.01033452,0,0,0,0
8,2,6,0.024380952,0.002938645,0,0,0,0
8,2,7,0.017333333,0.002459423,0,0,0,0
8,2,8,0.014222222,0.001667942,0,0,0,0
8,2,9,0.012,0.001578463,0,0,0,0
9,0,0,0.832063492,0.00425876,0,0,0,0
9,0,1,0.825015873,0.003592875,0.497420127,0.007003101,0.604793864,0.007756689
9,0,2,0.828825397,0.003245958,0.7155749,0.004662818,0.633253703,0.006140866
9,0,3,0.818984127,0.003831001,0.808066151,0.004162251,0.636461979,0.005504182
9,0,4,0.816,0.003566742,0.863397093,0.002871023,0.660344004,0.005749558
9,0,5,0.810984127,0.003154483,0.897471767,0.002597554,0.668143621,0.004723021
9,0,6,0.779809524,0.004821857,0.911174384,0.002514724,0.661724467,0.007390653
9,0,7,0.685460317,0.008205445,0.908833468,0.002875622,0.600163733,0.009252024
9,0,8,0.474857143,0.010017423,0.88815274,0.002240092,0.441675618,0.009543776
9,0,9,0.125269841,0.00564105,0.880634763,0.001444839,0.129875915,0.006089591
9,1,0,0.976380952,0.001378885,0,0,0,0
9,1,1,0.96431746,0.001718775,0.570486507,0.005718724,0.655608821,0.00779563
9,1,2,0.945968254,0.002141913,0.756872162,0.003903555,0.678834209,0.006256931
9,1,3,0.916507937,0.002531734,0.848171675,0.003846104,0.691123131,0.005540929
9,1,4,0.864571429,0.002829957,0.887630168,0.002728416,0.702914477,0.00587096
9,1,5,0.784,0.003396293,0.908704356,0.001854229,0.704660046,0.005182242
9,1,6,0.65784127,0.00411222,0.920555733,0.001480762,0.704040725,0.005254824
9,1,7,0.472571429,0.003817545,0.905729698,0.002420131,0.606794924,0.0091382
9,1,8,0.228888889,0.003413599,0.859455151,0.002824971,0.372144647,0.009630314
9,1,9,0.022666667,0.001092467,0.848274638,0.001466866,0.089871672,0.00398559
9,2,0,0.867619048,0.002960873,0,0,0,0
9,2,1,0.868444444,0.002890684,0,0,0,0
9,2,2,0.868,0.002998357,0,0,0,0
9,2,3,0.869269841,0.003248514,0,0,0,0
9,2,4,0.856507937,0.004364629,0,0,0,0
9,2,5,0.836952381,0.003982622,0,0,0,0
9,2,6,0.802920635,0.004259233,0,0,0,0
9,2,7,0.679873016,0.007791208,0,0,0,0
9,2,8,0.408444444,0.010691537,0,0,0,0
9,2,9,0.085269841,0.003597195,0,0,0,0
10,0,0,0.922477522,0.003965921,0,0,0,0
10,0,1,0.922877123,0.003080843,0.710244088,0.010915566,0.904645778,0.009944401
10,0,2,0.923676324,0.003561959,0.829165318,0.007774701,0.91719157,0.005191115
10,0,3,0.922677323,0.003317915,0.871405509,0.005787273,0.904070883,0.005783097
10,0,4,0.86953047,0.034690043,0.849541758,0.034253305,0.852887929,0.034350813
10,0,5,0.104095904,0.022434426,0.118121892,0.023468319,0.108434948,0.023030843
10,0,6,0.075924076,0.003804854,0.112668827,0.005713858,0.086061729,0.004494433
10,0,7,0.073326673,0.003065944,0.124536462,0.006147613,0.084007238,0.004235604
10,0,8,0.074525475,0.003165801,0.14300394,0.005618513,0.086119753,0.003598822
10,0,9,0.077122877,0.004119557,0.158282878,0.008271081,0.086720322,0.005093122
10,1,0,0.955044955,0.002856596,0.714285714,0.077475164,0.714285714,0.077475164
10,1,1,0.95044955,0.00281436,0.803825548,0.012163545,0.819640497,0.014621457
10,1,2,0.932667333,0.003683496,0.845715411,0.006339593,0.808145159,0.009482103
10,1,3,0.847152847,0.007961097,0.830593324,0.007362128,0.791881875,0.007991507
10,1,4,0.637762238,0.011923491,0.747315853,0.018859047,0.70580012,0.017825071
10,1,5,0.343256743,0.010739691,0.1750263,0.022875828,0.151994756,0.02105572
10,1,6,0.151848152,0.007199007,0.068549731,0.006467081,0.049843475,0.004853717
10,1,7,0.08031968,0.004017396,0.048880701,0.00484949,0.031279808,0.003201814
10,1,8,0.046353646,0.00324456,0.053428882,0.004989989,0.030823034,0.003015977
10,1,9,0.043756244,0.002942443,0.001471439,0.000419092,0.00073776,0.000210211
10,2,0,0.96023976,0.002849188,0,0,0,0
10,2,1,0.935464535,0.003836507,0,0,0,0
10,2,2,0.926873127,0.00402732,0,0,0,0
10,2,3,0.899300699,0.006899534,0,0,0,0
10,2,4,0.786213786,0.019319456,0,0,0,0
10,2,5,0.198601399,0.021799776,0,0,0,0
10,2,6,0.097902098,0.007080605,0,0,0,0
10,2,7,0.074125874,0.004244492,0,0,0,0
10,2,8,0.062737263,0.004018565,0,0,0,0
10,2,9,0.039360639,0.002690656,0,0,0,0
11,0,0,0.922477522,0.003965921,0,0,0,0
11,0,1,0.927272727,0.00337023,0.695967195,0.010886274,0.897570498,0.006681411
11,0,2,0.928471528,0.004045065,0.831590112,0.006011111,0.906932893,0.004979156
11,0,3,0.926673327,0.003561959,0.873131616,0.00424027,0.89965106,0.004474986
11,0,4,0.845754246,0.040254483,0.83011831,0.039539927,0.834564692,0.039730337
11,0,5,0.15044955,0.037501435,0.166999829,0.039861038,0.156637635,0.039583922
11,0,6,0.073526474,0.004017396,0.111199138,0.005825554,0.085501711,0.004648485
11,0,7,0.077922078,0.004292081,0.125689918,0.00517045,0.08449432,0.003611711
11,0,8,0.071328671,0.004042162,0.134043395,0.005704128,0.080427471,0.003669238
11,0,9,0.077122877,0.004119557,0.158282878,0.008271081,0.086720322,0.005093122
11,1,0,0.955044955,0.002856596,0.714285714,0.077475164,0.714285714,0.077475164
11,1,1,0.954245754,0.003065561,0.813925958,0.012674754,0.832644838,0.012887704
11,1,2,0.926073926,0.003346807,0.838531058,0.007623424,0.809425855,0.008001955
11,1,3,0.841558442,0.007039528,0.842147667,0.007974359,0.80486535,0.009611514
11,1,4,0.631768232,0.012791895,0.720089801,0.028452821,0.684520239,0.027819817
11,1,5,0.341658342,0.0095735,0.186108604,0.018145984,0.162673597,0.01677039
11,1,6,0.148451548,0.007693033,0.076792659,0.006587567,0.055982576,0.004898233
11,1,7,0.06993007,0.004154465,0.046941576,0.004163705,0.029670574,0.002704821
11,1,8,0.045354645,0.003132245,0.049329471,0.005151574,0.02828613,0.003065115
11,1,9,0.043756244,0.002942443,0.001471439,0.000419092,0.00073776,0.000210211
11,2,0,0.96023976,0.002849188,0,0,0,0
11,2,1,0.942257742,0.004245875,0,0,0,0
11,2,2,0.923276723,0.004227862,0,0,0,0
11,2,3,0.901898102,0.006534198,0,0,0,0
11,2,4,0.763236763,0.023013785,0,0,0,0
11,2,5,0.219180819,0.017792845,0,0,0,0
11,2,6,0.098301698,0.00674133,0,0,0,0
11,2,7,0.06973027,0.004609181,0,0,0,0
11,2,8,0.062537463,0.004318806,0,0,0,0
11,2,9,0.039360639,0.002690656,0,0,0,0
12,0,0,0.922477522,0.003965921,0,0,0,0
12,0,1,0.925474525,0.003439541,0.748772701,0.009501339,0.898956841,0.007546176
12,0,2,0.921078921,0.002743377,0.850946262,0.005493162,0.890596828,0.007437678
12,0,3,0.819180819,0.041554684,0.783311918,0.047388752,0.787164378,0.047379937
12,0,4,0.092707293,0.005186889,0.099220227,0.005845825,0.0900473,0.005459657
12,0,5,0.087112887,0.005288881,0.113711547,0.005618416,0.084221828,0.004371023
12,0,6,0.082117882,0.003871238,0.142442147,0.005387058,0.095167415,0.003979168
12,0,7,0.073326673,0.003092635,0.137226168,0.005605787,0.08504827,0.003767488
12,0,8,0.072527473,0.003368836,0.150952321,0.006173862,0.087809488,0.003922163
12,0,9,0.077122877,0.004119557,0.158282878,0.008271081,0.086720322,0.005093122
12,1,0,0.955044955,0.002856596,0.714285714,0.077475164,0.714285714,0.077475164
12,1,1,0.947252747,0.003183922,0.83587321,0.008068679,0.836079999,0.008860473
12,1,2,0.872327672,0.005786095,0.851009054,0.006802082,0.807908154,0.00872252
12,1,3,0.677322677,0.008417732,0.745900504,0.029882079,0.718118005,0.028241874
12,1,4,0.455944056,0.010477947,0.133336371,0.008644148,0.111246607,0.007519425
12,1,5,0.246753247,0.00915856,0.09866778,0.005944438,0.068238958,0.004115744
12,1,6,0.12047952,0.007292667,0.07345333,0.006852949,0.045561832,0.004402505
12,1,7,0.064135864,0.004380621,0.068815504,0.005519832,0.040140691,0.003312975
12,1,8,0.048351648,0.003360111,0.043906211,0.004321999,0.024063496,0.002452686
12,1,9,0.043756244,0.002942443,0.001471439,0.000419092,0.00073776,0.000210211
12,2,0,0.96023976,0.002849188,0,0,0,0
12,2,1,0.942657343,0.003389683,0,0,0,0
12,2,2,0.925674326,0.00357019,0,0,0,0
12,2,3,0.804595405,0.025023776,0,0,0,0
12,2,4,0.193806194,0.010903738,0,0,0,0
12,2,5,0.134265734,0.009516053,0,0,0,0
12,2,6,0.095704296,0.005922474,0,0,0,0
12,2,7,0.082317682,0.005216458,0,0,0,0
12,2,8,0.058741259,0.003536819,0,0,0,0
12,2,9,0.039360639,0.002690656,0,0,0,0
13,0,0,0.922477522,0.003965921,0,0,0,0
13,0,1,0.927272727,0.00337023,0.695967195,0.010886274,0.897570498,0.006681411
13,0,2,0.928471528,0.004045065,0.831590112,0.006011111,0.906932893,0.004979156
13,0,3,0.926673327,0.003561959,0.873131616,0.00424027,0.89965106,0.004474986
13,0,4,0.845754246,0.040254483,0.83011831,0.039539927,0.834564692,0.039730337
13,0,5,0.15044955,0.037501435,0.166999829,0.039861038,0.156637635,0.039583922
13,0,6,0.073526474,0.004017396,0.111199138,0.005825554,0.085501711,0.004648485
13,0,7,0.077922078,0.004292081,0.125689918,0.00517045,0.08449432,0.003611711
13,0,8,0.071328671,0.004042162,0.134043395,0.005704128,0.080427471,0.003669238
13,0,9,0.077122877,0.004119557,0.158282878,0.008271081,0.086720322,0.005093122
13,1,0,0.955044955,0.002856596,0.714285714,0.077475164,0.714285714,0.077475164
13,1,1,0.954245754,0.003065561,0.813925958,0.012674754,0.832644838,0.012887704
13,1,2,0.926073926,0.003346807,0.838531058,0.007623424,0.809425855,0.008001955
13,1,3,0.841558442,0.007039528,0.842147667,0.007974359,0.80486535,0.009611514
13,1,4,0.631768232,0.012791895,0.720089801,0.028452821,0.684520239,0.027819817
13,1,5,0.341658342,0.0095735,0.186108604,0.018145984,0.162673597,0.01677039
13,1,6,0.148451548,0.007693033,0.076792659,0.006587567,0.055982576,0.004898233
13,1,7,0.06993007,0.004154465,0.046941576,0.004163705,0.029670574,0.002704821
13,1,8,0.045354645,0.003132245,0.049329471,0.005151574,0.02828613,0.003065115
13,1,9,0.043756244,0.002942443,0.001471439,0.000419092,0.00073776,0.000210211
13,2,0,0.96023976,0.002849188,0,0,0,0
13,2,1,0.942257742,0.004245875,0,0,0,0
13,2,2,0.923276723,0.004227862,0,0,0,0
13,2,3,0.901898102,0.006534198,0,0,0,0
13,2,4,0.763236763,0.023013785,0,0,0,0
13,2,5,0.219180819,0.017792845,0,0,0,0
13,2,6,0.098301698,0.00674133,0,0,0,0
13,2,7,0.06973027,0.004609181,0,0,0,0
13,2,8,0.062537463,0.004318806,0,0,0,0
13,2,9,0.039360639,0.002690656,0,0,0,0
14,0,0,0.922477522,0.003965921,0,0,0,0
14,0,1,0.926473526,0.003619184,0.576769539,0.013690581,0.580547112,0.010080926
14,0,2,0.922077922,0.00344193,0.777173823,0.006013643,0.674468085,0.006442301
14,0,3,0.924275724,0.003699082,0.855748161,0.005354924,0.755734406,0.007285258
14,0,4,0.914085914,0.003688911,0.874827095,0.004202457,0.782615268,0.005691033
14,0,5,0.914085914,0.004529006,0.906973944,0.004843851,0.833898305,0.007117525
14,0,6,0.096703297,0.020616415,0.180998662,0.020065558,0.15,0.01814834
14,0,7,0.078521479,0.003593137,0.154900101,0.00804013,0.108675011,0.006128615
14,0,8,0.075324675,0.002705886,0.151777081,0.0065512,0.093046107,0.004377992
14,0,9,0.074325674,0.003900245,0.150324935,0.006196923,0.081690141,0.003680649
14,1,0,0.955044955,0.002856596,0.714285714,0.077475164,0.714285714,0.077475164
14,1,1,0.937062937,0.003603579,0.405336286,0.013661488,0.303343465,0.014760016
14,1,2,0.899100899,0.004704486,0.580923248,0.010464739,0.422796353,0.010231288
14,1,3,0.821178821,0.006123841,0.662493635,0.006058018,0.501609658,0.007013111
14,1,4,0.717282717,0.007488393,0.723923219,0.00513195,0.575359033,0.005345603
14,1,5,0.573426573,0.009052177,0.721049884,0.010348486,0.60157385,0.010264426
14,1,6,0.286713287,0.007464837,0.150514441,0.014351492,0.117806841,0.011649979
14,1,7,0.08951049,0.004913957,0.046019045,0.004474558,0.030125162,0.002986641
14,1,8,0.047352647,0.003007952,0.058220372,0.004603222,0.033862434,0.002798476
14,1,9,0.043756244,0.002942443,0.000267648,0.000186452,0.000134138,9.34E-05
14,2,0,0.96023976,0.002849188,0,0,0,0
14,2,1,0.915084915,0.003837119,0,0,0,0
14,2,2,0.906493506,0.004395604,0,0,0,0
14,2,3,0.88031968,0.004584917,0,0,0,0
14,2,4,0.851748252,0.006855317,0,0,0,0
14,2,5,0.774225774,0.009528014,0,0,0,0
14,2,6,0.133666334,0.013870272,0,0,0,0
14,2,7,0.056343656,0.003305506,0,0,0,0
14,2,8,0.058541459,0.003672323,0,0,0,0
14,2,9,0.03996004,0.002636436,0,0,0,0
15,0,0,0.870743953,0.005354636,0,0,0,0
15,0,1,0.861706983,0.007479009,0.55897198,0.014914879,0.835650256,0.013334229
15,0,2,0.855864902,0.007188002,0.715146869,0.013517781,0.845355176,0.011230003
15,0,3,0.857507987,0.006842501,0.791218662,0.010880293,0.839318495,0.01037593
15,0,4,0.721314468,0.021235385,0.674164157,0.023817909,0.689875305,0.023679835
15,0,5,0.27247832,0.021586519,0.291108672,0.020525042,0.267494215,0.019236843
15,0,6,0.150798722,0.008825017,0.198376321,0.011212006,0.156236166,0.009274735
15,0,7,0.133728891,0.003184516,0.19678231,0.004765421,0.136284799,0.003610055
15,0,8,0.145047923,0.007896985,0.23347985,0.011472089,0.147993019,0.008597529
15,0,9,0.128890917,0.005458709,0.237111827,0.00954674,0.135752401,0.006795271
15,1,0,0.882884528,0.002279699,0.028571429,0.028571429,0.028571429,0.028571429
15,1,1,0.85979005,0.002783919,0.678029207,0.006448713,0.736201554,0.012040882
15,1,2,0.801186673,0.003985867,0.751207714,0.003852239,0.737100102,0.007986604
15,1,3,0.701871292,0.00576714,0.752309996,0.005795177,0.694227093,0.006740419
15,1,4,0.572341397,0.006303472,0.639885147,0.013939818,0.575070328,0.012696894
15,1,5,0.429575536,0.005296654,0.271160717,0.011485854,0.223135128,0.009832159
15,1,6,0.300045641,0.004986399,0.106502062,0.003948799,0.07555152,0.002942868
15,1,7,0.20073026,0.00405922,0.091043341,0.003385286,0.057808509,0.002297927
15,1,8,0.143587403,0.003051928,0.093508254,0.003061403,0.053718902,0.001882371
15,1,9,0.117298037,0.002255599,0.0452929,0.005729388,0.023479189,0.003091905
15,2,0,0.8840712,0.002739818,0,0,0,0
15,2,1,0.884618895,0.002535598,0,0,0,0
15,2,2,0.878594249,0.003009637,0,0,0,0
15,2,3,0.852031036,0.003252815,0,0,0,0
15,2,4,0.721405751,0.014283651,0,0,0,0
15,2,5,0.328708352,0.012636303,0,0,0,0
15,2,6,0.150981287,0.004721272,0,0,0,0
15,2,7,0.126791419,0.002345822,0,0,0,0
15,2,8,0.117298037,0.00254168,0,0,0,0
15,2,9,0.116567777,0.002682234,0,0,0,0
16,0,0,0.870743953,0.005354636,0,0,0,0
16,0,1,0.862984938,0.004645132,0.559031262,0.014080082,0.833205394,0.010698685
16,0,2,0.862619808,0.006030664,0.717219099,0.012939903,0.841784334,0.010474853
16,0,3,0.855499772,0.006250099,0.789202556,0.009017812,0.841661562,0.007493363
16,0,4,0.744591511,0.023753562,0.712179542,0.025003601,0.721520591,0.024960723
16,0,5,0.295390233,0.02137158,0.314177491,0.021869168,0.289031431,0.020854384
16,0,6,0.154997718,0.011971652,0.19942811,0.014572849,0.158659457,0.012754962
16,0,7,0.143222273,0.006019966,0.215110702,0.012229412,0.151296723,0.009659441
16,0,8,0.128525787,0.004569385,0.217022347,0.00787477,0.135490869,0.00572181
16,0,9,0.128890917,0.005458709,0.237111827,0.00954674,0.135752401,0.006795271
16,1,0,0.882884528,0.002279699,0.028571429,0.028571429,0.028571429,0.028571429
16,1,1,0.855864902,0.003247536,0.674931075,0.005974483,0.740583586,0.010078361
16,1,2,0.790780466,0.004244911,0.741896999,0.00469495,0.71626826,0.006499164
16,1,3,0.690734824,0.004219432,0.748936793,0.005545852,0.697076778,0.005868569
16,1,4,0.56485623,0.005640865,0.576260838,0.013217887,0.518794388,0.012014271
16,1,5,0.42428115,0.006123538,0.231978377,0.013858695,0.190067563,0.011919017
16,1,6,0.292560475,0.005627903,0.10410155,0.004031631,0.074061283,0.003012229
16,1,7,0.19963487,0.003658877,0.095832213,0.002689019,0.060959925,0.001800254
16,1,8,0.13911456,0.003426368,0.089076583,0.002870457,0.050946082,0.001752519
16,1,9,0.117298037,0.002255599,0.0452929,0.005729388,0.023479189,0.003091905
16,2,0,0.8840712,0.002739818,0,0,0,0
16,2,1,0.882884528,0.002602941,0,0,0,0
16,2,2,0.870561387,0.003171638,0,0,0,0
16,2,3,0.842811502,0.00494048,0,0,0,0
16,2,4,0.663441351,0.012784883,0,0,0,0
16,2,5,0.290004564,0.014580986,0,0,0,0
16,2,6,0.151528982,0.004426745,0,0,0,0
16,2,7,0.122501141,0.003410309,0,0,0,0
16,2,8,0.114376997,0.002491331,0,0,0,0
16,2,9,0.116567777,0.002682234,0,0,0,0
17,0,0,0.870743953,0.005354636,0,0,0,0
17,0,1,0.860702875,0.005772237,0.570762955,0.01376541,0.837231291,0.009695934
17,0,2,0.864719306,0.005414532,0.724821401,0.011640434,0.844362507,0.009797164
17,0,3,0.852031036,0.006152843,0.78344709,0.012551606,0.832510549,0.011586409
17,0,4,0.746417161,0.021784101,0.722041787,0.02334913,0.729355328,0.023651441
17,0,5,0.232314012,0.020841738,0.252526338,0.021668286,0.228871224,0.020403321
17,0,6,0.147695116,0.008602834,0.191026454,0.013197311,0.149597781,0.01150132
17,0,7,0.136376084,0.006230423,0.206885342,0.011515397,0.143681096,0.009138201
17,0,8,0.130990415,0.005422538,0.22096976,0.007994215,0.136843723,0.005819138
17,0,9,0.128890917,0.005458709,0.237111827,0.00954674,0.135752401,0.006795271
17,1,0,0.882884528,0.002279699,0.028571429,0.028571429,0.028571429,0.028571429
17,1,1,0.854769512,0.003378469,0.677400198,0.006247805,0.732300621,0.010853781
17,1,2,0.789046098,0.004438743,0.751541513,0.004495564,0.727820139,0.00670808
17,1,3,0.686170698,0.004352097,0.747783014,0.005876403,0.696535615,0.007196422
17,1,4,0.558375171,0.005487144,0.58612947,0.011460402,0.528023278,0.011139633
17,1,5,0.419625742,0.006730955,0.220131524,0.011054586,0.177783952,0.009278359
17,1,6,0.289548152,0.004961764,0.100509543,0.003818977,0.070650412,0.002875091
17,1,7,0.191602008,0.004454175,0.096151751,0.002879761,0.060726516,0.001950157
17,1,8,0.136467366,0.003373968,0.084812532,0.003305567,0.047944328,0.001979451
17,1,9,0.117298037,0.002255599,0.0452929,0.005729388,0.023479189,0.003091905
17,2,0,0.8840712,0.002739818,0,0,0,0
17,2,1,0.88297581,0.002590199,0,0,0,0
17,2,2,0.871200365,0.003068265,0,0,0,0
17,2,3,0.840803286,0.005525155,0,0,0,0
17,2,4,0.660246463,0.011166136,0,0,0,0
17,2,5,0.288635326,0.011676084,0,0,0,0
17,2,6,0.147238704,0.0043566,0,0,0,0
17,2,7,0.122227293,0.002739102,0,0,0,0
17,2,8,0.114285714,0.002512879,0,0,0,0
17,2,9,0.116567777,0.002682234,0,0,0,0
18,0,0,0.870743953,0.005354636,0,0,0,0
18,0,1,0.862984938,0.004645132,0.559031262,0.014080082,0.833205394,0.010698685
18,0,2,0.862619808,0.006030664,0.717219099,0.012939903,0.841784334,0.010474853
18,0,3,0.855499772,0.006250099,0.789202556,0.009017812,0.841661562,0.007493363
18,0,4,0.744591511,0.023753562,0.712179542,0.025003601,0.721520591,0.024960723
18,0,5,0.295390233,0.02137158,0.314177491,0.021869168,0.289031431,0.020854384
18,0,6,0.154997718,0.011971652,0.19942811,0.014572849,0.158659457,0.012754962
18,0,7,0.143222273,0.006019966,0.215110702,0.012229412,0.151296723,0.009659441
18,0,8,0.128525787,0.004569385,0.217022347,0.00787477,0.135490869,0.00572181
18,0,9,0.128890917,0.005458709,0.237111827,0.00954674,0.135752401,0.006795271
18,1,0,0.882884528,0.002279699,0.028571429,0.028571429,0.028571429,0.028571429
18,1,1,0.855864902,0.003247536,0.674931075,0.005974483,0.740583586,0.010078361
18,1,2,0.790780466,0.004244911,0.741896999,0.00469495,0.71626826,0.006499164
18,1,3,0.690734824,0.004219432,0.748936793,0.005545852,0.697076778,0.005868569
18,1,4,0.56485623,0.005640865,0.576260838,0.013217887,0.518794388,0.012014271
18,1,5,0.42428115,0.006123538,0.231978377,0.013858695,0.190067563,0.011919017
18,1,6,0.292560475,0.005627903,0.10410155,0.004031631,0.074061283,0.003012229
18,1,7,0.19963487,0.003658877,0.095832213,0.002689019,0.060959925,0.001800254
18,1,8,0.13911456,0.003426368,0.089076583,0.002870457,0.050946082,0.001752519
18,1,9,0.117298037,0.002255599,0.0452929,0.005729388,0.023479189,0.003091905
18,2,0,0.8840712,0.002739818,0,0,0,0
18,2,1,0.882884528,0.002602941,0,0,0,0
18,2,2,0.870561387,0.003171638,0,0,0,0
18,2,3,0.842811502,0.00494048,0,0,0,0
18,2,4,0.663441351,0.012784883,0,0,0,0
18,2,5,0.290004564,0.014580986,0,0,0,0
18,2,6,0.151528982,0.004426745,0,0,0,0
18,2,7,0.122501141,0.003410309,0,0,0,0
18,2,8,0.114376997,0.002491331,0,0,0,0
18,2,9,0.116567777,0.002682234,0,0,0,0
19,0,0,0.870743953,0.005354636,0,0,0,0
19,0,1,0.871565495,0.00429399,0.46695707,0.008366005,0.523626374,0.005717051
19,0,2,0.852578731,0.00772784,0.619416403,0.013535533,0.569230769,0.006590797
19,0,3,0.860063898,0.006342348,0.745004364,0.008309918,0.641300366,0.004284789
19,0,4,0.852122319,0.006342039,0.783021349,0.012396507,0.681456044,0.009027979
19,0,5,0.768690096,0.014697069,0.720447791,0.015438054,0.630879121,0.013486666
19,0,6,0.390871748,0.018095756,0.460126665,0.019417921,0.386172161,0.017339296
19,0,7,0.133546326,0.005028245,0.236414278,0.007574619,0.172095761,0.006130531
19,0,8,0.137836604,0.00771562,0.256666262,0.011736372,0.166861264,0.009062873
19,0,9,0.136010954,0.006626078,0.241709858,0.009541529,0.138740662,0.006900685
19,1,0,0.882884528,0.002279699,0.028571429,0.028571429,0.028571429,0.028571429
19,1,1,0.895481515,0.001967158,0.235940169,0.010749034,0.147802198,0.008212888
19,1,2,0.89237791,0.002994698,0.449322203,0.00701991,0.296428571,0.006210697
19,1,3,0.850935646,0.002830278,0.59016766,0.008186589,0.425091575,0.008753561
19,1,4,0.746873574,0.004256442,0.616709975,0.006319026,0.456456044,0.006618714
19,1,5,0.626654496,0.004751697,0.583671136,0.005186713,0.436923077,0.004137931
19,1,6,0.46992241,0.005769519,0.414901657,0.00743024,0.308058608,0.005793452
19,1,7,0.28078503,0.004555634,0.144343499,0.004383754,0.09532967,0.003029001
19,1,8,0.155910543,0.003191665,0.129711645,0.003492725,0.077747253,0.002241168
19,1,9,0.117298037,0.002255599,0.036050058,0.002615401,0.018417442,0.001359386
19,2,0,0.8840712,0.002739818,0,0,0,0
19,2,1,0.895207668,0.002225849,0,0,0,0
19,2,2,0.895937928,0.00258091,0,0,0,0
19,2,3,0.877042446,0.002849694,0,0,0,0
19,2,4,0.82318576,0.004485756,0,0,0,0
19,2,5,0.705248745,0.006404985,0,0,0,0
19,2,6,0.450205386,0.010902952,0,0,0,0
19,2,7,0.142492013,0.004387653,0,0,0,0
19,2,8,0.113099042,0.00222739,0,0,0,0
19,2,9,0.117480602,0.002519697,0,0,0,0